{"cameraMode":{"drawMode":0,"name":"Shaded","section":"Shading Mode"},"sceneLighting":true,"audioPlay":false,"sceneViewState":{"showFog":true,"showMaterialUpdate":false,"showSkybox":true,"showFlares":true,"showImageEffects":true,"showParticleSystems":true},"in2DMode":false,"pivot":{"x":-4922.0498046875,"y":1075.193603515625,"z":522.2000122070313},"rotation":{"x":-0.06298915296792984,"y":0.9175934791564941,"z":-0.16158515214920045,"w":-0.35769569873809817},"size":7.041281700134277,"orthographic":false}